{"intents": [
        {"tag": "greeting",
         "patterns": ["Hi", "How are you", "Is anyone there?", "Hello", "Good day"],
         "responses": ["Hello, thanks for visiting", "Good to see you again", "Hi there, how can I help?"],
         "context_set": ""
        },
        {"tag": "goodbye",
         "patterns": ["Bye", "See you later", "Goodbye"],
         "responses": ["See you later, thanks for visiting", "Have a nice day", "Bye! Come back again soon."]
        },
        {"tag": "thanks",
         "patterns": ["Thanks", "Thank you", "That's helpful"],
         "responses": ["Happy to help!", "Any time!", "My pleasure"]
        },
        {"tag": "bigmac",
         "patterns": ["Can i have a big mac ?", "I want a big mac?", "I would like a big mac?","can i get a big mac","a big mac please","add a big mac please","another big mac please" ],
         "responses": ["Would you like it in a menu", "Do you want it in a menu"],        
         "context_set": "bigmacMenuQues"
        },
    {"tag": "inComplete",
         "patterns": ["yes", "yes i want a menu", "okay","what sizes do you have"],
         "responses": ["Do you want a medium or a large one", "a large or a medium menu"],
         "context_filter": "bigmacMenuQues",
         "context_set": "bigmacMenuQues"
        },
        {"tag": "bigmacAlone",
          "patterns": ["no just the burger ?", "no i just want the sanwich", "no just the big mac?","just the big mac","only the burger   please","no" ],
         "responses": ["okay anything else", "is that it"],        
         "context_filter": "bigmacMenuQues",
         "context_set": "none",
         "price":"4.10",
         "name":"Big mac"
        },   
        {"tag": "menuLargeBigMac",
         "patterns": ["Can I have a large big mac menu?", "I want a large big mac menu", "I need a large big mac menu","yes a large one","yes i want a large menu"],
         "responses": ["Do you want cola with it", "would you like a coke with that"],
         "context_filter": "bigmacMenuQues",
         "context_set": "colaQues",
         "price":"7.50",
         "name":"Large Big mac menu"
        },
        {"tag": "menuMediumBigMac",
         "patterns": ["Can I have a medium big mac menu?", "I want a medium big mac menu", "I need a medium big mac menu","yes a medium one","yes i want a medium menu" ],
         "responses": ["Do you want cola with it", "would you like a coke with that"],
         "context_filter": "bigmacMenuQues",
         "context_set": "colaQues",
         "price":"6.50",
         "name":"Medium Big mac menu"
        },
    {"tag": "menuLargeBigMac",
         "patterns": ["Can I have a large big mac menu?", "I want a large big mac menu", "I need a large big mac menu","yes a large one","yes i want a large menu"],
         "responses": ["Do you want cola with it", "would you like a coke with that"],
         "context_filter": "none",
         "context_set": "colaQues",
         "price":"7.50",
         "name":"Large Big mac menu"
        },
        {"tag": "menuMediumBigMac",
         "patterns": ["Can I have a medium big mac menu?", "I want a medium big mac menu", "I need a medium big mac menu","yes a medium one","yes i want a medium menu" ],
         "responses": ["Do you want cola with it", "would you like a coke with that"],
         "context_filter": "none",
         "context_set": "colaQues",
         "price":"6.50",
         "name":"Medium Big mac menu"
        },
    {"tag": "bacon",
         "patterns": ["Can i have a crsipy bacon ?", "I want a bacon ?", "I would like a crispy bacon?"," can i have a bacon burger","add another bacon burger","an axtra bacon burger please" ],
         "responses": ["Would you like it in a menu", "Do you want it in a menu"],         
         "context_set": "baconMenuQues"
        },       
    {"tag": "inComplete",
         "patterns": ["yes", "yes i want a menu", "okay","what sizes do you have"],
         "responses": ["Do you want a medium or a large one", "a large or a medium menu"],
         "context_filter": "baconMenuQues",
         "context_set": "baconMenuQues"
        },
        {"tag": "menuLargeBacon",
         "patterns": ["Can I have a large crsipy bacon menu?", "I want a large crispy bacon menu", "I need a large crispy bacon menu","yes a large one","yes i want a large menu"],
         "responses": ["Do you want cola with it", "would you like a coke with that"],
         "context_filter": "baconMenuQues",
         "context_set": "colaQues",
         "price":"7.80",
         "name":"Large Royal Cripy bacon menu"
        },
    {"tag": "menuLargeBacon",
         "patterns": ["Can I have a large crsipy bacon menu?", "I want a large crispy bacon menu", "I need a large crispy bacon menu","yes a large one","yes i want a large menu"],
         "responses": ["Do you want cola with it", "would you like a coke with that"],
         "context_filter": "none",
         "context_set": "colaQues",
         "price":"7.80",
         "name":"Large Royal Cripy bacon menu"
        },
    {"tag": "baconAlone",
          "patterns": ["no just the burger ?", "no i just want the sanwich", "no just the bacon burger?","just the crispy bacon","only the burger please","no" ],
         "responses": ["okay anything else", "is that it"],        
         "context_filter": "baconMenuQues",
         "context_set": "none",   
         "price":"4.50",
         "name":"Royal Cripy bacon"  
        },   
        {"tag": "menuMediumBacon",
         "patterns": ["Can I have a medium crsipy bacon menu?", "I want a medium crsipy bacon menu", "I need a medium crsipy bacon menu","yes a medium one","yes i want a medium menu" ],
         "responses": ["Do you want cola with it", "would you like a coke with that"],
         "context_filter": "baconMenuQues",
         "context_set": "colaQues",
         "price":"6.80",
         "name":"Medium Royal Cripy bacon menu"
        },
    {"tag": "menuMediumBacon",
         "patterns": ["Can I have a medium crsipy bacon menu?", "I want a medium crsipy bacon menu", "I need a medium crsipy bacon menu","yes a medium one","yes i want a medium menu" ],
         "responses": ["Do you want cola with it", "would you like a coke with that"],
         "context_filter": "none",
         "context_set": "colaQues",
         "price":"6.80",
         "name":"Medium Royal Cripy bacon menu"
        },
    {"tag": "hamburger",
         "patterns": ["Can i have a hamburger ?", "I want a hamburger ?", "I would like a hamburger?"," can i have a hamburger","add another hamburger","an extra hamburger please" ],
         "responses": ["Would you like it in a menu", "Do you want it in a menu"],         
         "context_set": "hambMenuQues"
        },
    {"tag": "inComplete",
         "patterns": ["yes", "yes i want a menu", "okay","what sizes do you have"],
         "responses": ["Do you want a medium or a large one", "a large or a medium menu"],
         "context_filter": "hambMenuQues",
         "context_set": "hambMenuQues"
        },
        {"tag": "menuLargeHamb",
         "patterns": ["Can I have a large hamburger menu?", "I want a large hamburger menu", "I need a large hamburger menu","yes a large one","yes i want a large menu"],
         "responses": ["Do you want cola with it", "would you like a coke with that"],
         "context_filter": "hambMenuQues",
         "context_set": "colaQues",
         "price":"4.50",
         "name":"Large Hamburger menu"
        },
    {"tag": "menuLargeHamb",
         "patterns": ["Can I have a large hamburger menu?", "I want a large hamburger menu", "I need a large hamburger menu","yes a large one","yes i want a large menu"],
         "responses": ["Do you want cola with it", "would you like a coke with that"],
         "context_filter": "none",
         "context_set": "colaQues",
         "price":"4.50",
         "name":"Large Hamburger menu"
        },
    {"tag": "hambAlone",
          "patterns": ["no just the burger ?", "no i just want the sanwich", "no just the hamburger?","just the chamburger","only the burger please","no" ],
         "responses": ["okay anything else", "is that it"],        
         "context_filter": "hambMenuQues",
         "context_set": "none",   
         "price":"4.50",
         "name":"Hamburger"  
        },   
        {"tag": "menuMediumHamb",
         "patterns": ["Can I have a medium hamburger menu?", "I want a medium hamburger menu", "I need a medium hamburger menu","yes a medium one","yes i want a medium menu" ],
         "responses": ["Do you want cola with it", "would you like a coke with that"],
         "context_filter": "hambMenuQues",
         "context_set": "colaQues",
         "price":"4.0",
         "name":"Medium Hamburger menu"
        },
    {"tag": "menuMediumHamb",
         "patterns": ["Can I have a medium hamburger menu?", "I want a medium hamburger menu", "I need a medium hamburger","yes a medium one","yes i want a medium menu" ],
         "responses": ["Do you want cola with it", "would you like a coke with that"],
         "context_filter": "none",
         "context_set": "colaQues",
         "price":"4.0",
         "name":"Medium Hamburger menu"
        },
    
        {
         "tag": "colaMenu",
         "patterns": ["yes","yes i want a cola" ],
         "responses": ["anything else"],
         "context_filter": "colaQues",
         "context_set": "none",
         "price":"0",
         "name":"Cola"
        },
        {
         "tag": "fantaMenu",
         "patterns": ["can i get a fanta?","no a fanta", "i want a fanta with that", "with a large fanta please","no i want a fanta instead" ],
         "responses": ["anything else"],
         "context_filter": "colaQues",
         "context_set": "none",
         "price":"0",
         "name":"Fanta"
        },
        {
         "tag": "spriteMenu",
         "patterns": ["can i get a sprite?", "i want a sprite with that", "with a sprite please","no i want a sprite instead" ],
         "responses": ["anything else"],
         "context_filter": "colaQues",
         "context_set": "none",
         "price":"0",
         "name":"Sprite"
        },
        {"tag": "done",
         "patterns": ["no","how much is it","what's the price","no that's it","no that's all"],
         "responses": ["you're total is", "this will be"],
         "context_filter": "none"
         
        }
   ]
}